{
	"info": {
		"_postman_id": "11b3d815-f24f-4f3b-aa76-8115809ed3bf",
		"name": "DatingApp",
		"schema": "https://schema.getpostman.com/json/collection/v2.1.0/collection.json",
		"_exporter_id": "2726016",
		"_collection_link": "https://restless-satellite-764890.postman.co/workspace/DatingApp---Net8~c77379e2-ce60-4dc7-996f-9403ea65624e/collection/2726016-11b3d815-f24f-4f3b-aa76-8115809ed3bf?action=share&source=collection_link&creator=2726016"
	},
	"item": [
		{
			"name": "Section 2",
			"item": [
				{
					"name": "Get WeatherForecast",
					"request": {
						"method": "GET",
						"header": [],
						"url": {
							"raw": "https://localhost:5001/weatherforecast",
							"protocol": "https",
							"host": [
								"localhost"
							],
							"port": "5001",
							"path": [
								"weatherforecast"
							]
						}
					},
					"response": []
				},
				{
					"name": "Get Users",
					"request": {
						"method": "GET",
						"header": [],
						"url": {
							"raw": "https://localhost:5001/api/users",
							"protocol": "https",
							"host": [
								"localhost"
							],
							"port": "5001",
							"path": [
								"api",
								"users"
							]
						}
					},
					"response": []
				},
				{
					"name": "Get User",
					"request": {
						"method": "GET",
						"header": [],
						"url": {
							"raw": "https://localhost:5001/api/users/1",
							"protocol": "https",
							"host": [
								"localhost"
							],
							"port": "5001",
							"path": [
								"api",
								"users",
								"1"
							]
						}
					},
					"response": []
				}
			]
		},
		{
			"name": "Section 4",
			"item": [
				{
					"name": "Register user",
					"request": {
						"method": "POST",
						"header": [],
						"body": {
							"mode": "raw",
							"raw": "{\n\t\"username\": \"john\",\n\t\"password\": \"password\"\n}",
							"options": {
								"raw": {
									"language": "json"
								}
							}
						},
						"url": {
							"raw": "{{url}}/api/account/register",
							"host": [
								"{{url}}"
							],
							"path": [
								"api",
								"account",
								"register"
							]
						}
					},
					"response": []
				},
				{
					"name": "Register user query string",
					"request": {
						"method": "POST",
						"header": [],
						"body": {
							"mode": "raw",
							"raw": "",
							"options": {
								"raw": {
									"language": "json"
								}
							}
						},
						"url": {
							"raw": "{{url}}/api/account/register?username=sam&password=password",
							"host": [
								"{{url}}"
							],
							"path": [
								"api",
								"account",
								"register"
							],
							"query": [
								{
									"key": "username",
									"value": "sam"
								},
								{
									"key": "password",
									"value": "password"
								}
							]
						}
					},
					"response": []
				},
				{
					"name": "Register user blank fields",
					"request": {
						"method": "POST",
						"header": [],
						"body": {
							"mode": "raw",
							"raw": "{\n\t\"username\": \"\",\n\t\"password\": \"\"\n}",
							"options": {
								"raw": {
									"language": "json"
								}
							}
						},
						"url": {
							"raw": "{{url}}/api/account/register",
							"host": [
								"{{url}}"
							],
							"path": [
								"api",
								"account",
								"register"
							]
						}
					},
					"response": []
				},
				{
					"name": "Login as bob",
					"request": {
						"method": "POST",
						"header": [],
						"body": {
							"mode": "raw",
							"raw": "{\n\t\"username\": \"dave\",\n\t\"password\": \"password\"\n}",
							"options": {
								"raw": {
									"language": "json"
								}
							}
						},
						"url": {
							"raw": "{{url}}/api/account/login",
							"host": [
								"{{url}}"
							],
							"path": [
								"api",
								"account",
								"login"
							]
						}
					},
					"response": []
				},
				{
					"name": "Get Users",
					"request": {
						"method": "GET",
						"header": [],
						"url": {
							"raw": "{{url}}/api/users",
							"host": [
								"{{url}}"
							],
							"path": [
								"api",
								"users"
							]
						}
					},
					"response": []
				},
				{
					"name": "Get User",
					"request": {
						"method": "GET",
						"header": [],
						"url": {
							"raw": "{{url}}/api/users/1",
							"host": [
								"{{url}}"
							],
							"path": [
								"api",
								"users",
								"1"
							]
						}
					},
					"response": []
				},
				{
					"name": "Get User With Bearer token",
					"request": {
						"method": "GET",
						"header": [
							{
								"key": "Authorization",
								"value": "Bearer eyJhbGciOiJIUzUxMiIsInR5cCI6IkpXVCJ9.eyJuYW1laWQiOiJkYXZlIiwibmJmIjoxNzE1NjY1MjIxLCJleHAiOjE3MTYyNzAwMjEsImlhdCI6MTcxNTY2NTIyMX0.AHKhUnCinJlN_1ONqAfwOi1d9mHRKHKYZODddG8tsMRhpEOmLc4bLhjVDUCYdG2T5IPPctnKIFmO-mvV2nJDuQ"
							}
						],
						"url": {
							"raw": "{{url}}/api/users/1",
							"host": [
								"{{url}}"
							],
							"path": [
								"api",
								"users",
								"1"
							]
						}
					},
					"response": []
				}
			]
		},
		{
			"name": "Section 7",
			"item": [
				{
					"name": "Get Null Ref Error",
					"request": {
						"method": "GET",
						"header": [],
						"url": {
							"raw": "{{url}}/api/buggy/server-error",
							"host": [
								"{{url}}"
							],
							"path": [
								"api",
								"buggy",
								"server-error"
							]
						}
					},
					"response": []
				},
				{
					"name": "Get Auth Error",
					"request": {
						"method": "GET",
						"header": [],
						"url": {
							"raw": "{{url}}/api/buggy/auth",
							"host": [
								"{{url}}"
							],
							"path": [
								"api",
								"buggy",
								"auth"
							]
						}
					},
					"response": []
				},
				{
					"name": "Get Not Found error",
					"request": {
						"method": "GET",
						"header": [],
						"url": {
							"raw": "{{url}}/api/buggy/not-found",
							"host": [
								"{{url}}"
							],
							"path": [
								"api",
								"buggy",
								"not-found"
							]
						}
					},
					"response": []
				},
				{
					"name": "Get Bad Request",
					"request": {
						"method": "GET",
						"header": [],
						"url": {
							"raw": "{{url}}/api/buggy/bad-request",
							"host": [
								"{{url}}"
							],
							"path": [
								"api",
								"buggy",
								"bad-request"
							]
						}
					},
					"response": []
				},
				{
					"name": "Get Validation Error",
					"request": {
						"method": "POST",
						"header": [],
						"body": {
							"mode": "raw",
							"raw": "{}",
							"options": {
								"raw": {
									"language": "json"
								}
							}
						},
						"url": {
							"raw": "{{url}}/api/account/register",
							"host": [
								"{{url}}"
							],
							"path": [
								"api",
								"account",
								"register"
							]
						}
					},
					"response": []
				}
			]
		},
		{
			"name": "Section 8",
			"item": [
				{
					"name": "Login as lisa and save token to env",
					"event": [
						{
							"listen": "test",
							"script": {
								"exec": [
									"const user = pm.response.json();",
									"",
									"pm.test(\"Has properties\", function () {",
									"    pm.expect(user).to.have.property('username');",
									"    pm.expect(user).to.have.property('token');",
									"});",
									"",
									"if (pm.test(\"Has properties\")) {",
									"    pm.globals.set('token', user.token);",
									"}"
								],
								"type": "text/javascript"
							}
						}
					],
					"request": {
						"method": "POST",
						"header": [],
						"body": {
							"mode": "raw",
							"raw": "{\n\t\"username\": \"lisa\",\n\t\"password\": \"Pa$$w0rd\"\n}",
							"options": {
								"raw": {
									"language": "json"
								}
							}
						},
						"url": {
							"raw": "{{url}}/api/account/login",
							"host": [
								"{{url}}"
							],
							"path": [
								"api",
								"account",
								"login"
							]
						}
					},
					"response": []
				},
				{
					"name": "Get Users",
					"request": {
						"auth": {
							"type": "bearer",
							"bearer": [
								{
									"key": "token",
									"value": "{{token}}",
									"type": "string"
								}
							]
						},
						"method": "GET",
						"header": [],
						"url": {
							"raw": "{{url}}/api/users",
							"host": [
								"{{url}}"
							],
							"path": [
								"api",
								"users"
							]
						}
					},
					"response": []
				},
				{
					"name": "Get User by username",
					"request": {
						"method": "GET",
						"header": [
							{
								"key": "Authorization",
								"value": "Bearer {{token}}"
							}
						],
						"url": {
							"raw": "{{url}}/api/users/lisa",
							"host": [
								"{{url}}"
							],
							"path": [
								"api",
								"users",
								"lisa"
							]
						}
					},
					"response": []
				}
			]
		},
		{
			"name": "Section 10",
			"item": [
				{
					"name": "Login as lisa and save token to env",
					"event": [
						{
							"listen": "test",
							"script": {
								"exec": [
									"const user = pm.response.json();",
									"",
									"pm.test(\"Has properties\", function () {",
									"    pm.expect(user).to.have.property('username');",
									"    pm.expect(user).to.have.property('token');",
									"});",
									"",
									"if (pm.test(\"Has properties\")) {",
									"    pm.globals.set('token', user.token);",
									"}"
								],
								"type": "text/javascript"
							}
						}
					],
					"request": {
						"method": "POST",
						"header": [],
						"body": {
							"mode": "raw",
							"raw": "{\n\t\"username\": \"lisa\",\n\t\"password\": \"Pa$$w0rd\"\n}",
							"options": {
								"raw": {
									"language": "json"
								}
							}
						},
						"url": {
							"raw": "{{url}}/api/account/login",
							"host": [
								"{{url}}"
							],
							"path": [
								"api",
								"account",
								"login"
							]
						}
					},
					"response": []
				},
				{
					"name": "Update user",
					"request": {
						"method": "PUT",
						"header": [
							{
								"key": "Authorization",
								"value": "Bearer {{token}}"
							}
						],
						"body": {
							"mode": "raw",
							"raw": "{\n\t\"introduction\": \"Updated intro\",\n\t\"lookingFor\": \"Updated lookingFor\",\n\t\"interests\": \"Updated interests\",\n\t\"city\": \"Updated city\",\n\t\"country\": \"Updated country\"\n}",
							"options": {
								"raw": {
									"language": "json"
								}
							}
						},
						"url": {
							"raw": "{{url}}/api/users",
							"host": [
								"{{url}}"
							],
							"path": [
								"api",
								"users"
							]
						}
					},
					"response": []
				}
			]
		},
		{
			"name": "Section 11",
			"item": [
				{
					"name": "Login as lisa and save token to env",
					"event": [
						{
							"listen": "test",
							"script": {
								"exec": [
									"const user = pm.response.json();",
									"",
									"pm.test(\"Has properties\", function () {",
									"    pm.expect(user).to.have.property('username');",
									"    pm.expect(user).to.have.property('token');",
									"});",
									"",
									"if (pm.test(\"Has properties\")) {",
									"    pm.globals.set('token', user.token);",
									"}"
								],
								"type": "text/javascript"
							}
						}
					],
					"request": {
						"method": "POST",
						"header": [],
						"body": {
							"mode": "raw",
							"raw": "{\n\t\"username\": \"lisa\",\n\t\"password\": \"Pa$$w0rd\"\n}",
							"options": {
								"raw": {
									"language": "json"
								}
							}
						},
						"url": {
							"raw": "{{url}}/api/account/login",
							"host": [
								"{{url}}"
							],
							"path": [
								"api",
								"account",
								"login"
							]
						}
					},
					"response": []
				},
				{
					"name": "Add photo for user",
					"request": {
						"method": "POST",
						"header": [
							{
								"key": "Authorization",
								"value": "Bearer {{token}}"
							}
						],
						"body": {
							"mode": "formdata",
							"formdata": [
								{
									"key": "File",
									"type": "file",
									"src": "/Users/neil/Library/CloudStorage/SynologyDrive-Projects/work/DatingAppCourse/ApiPhotos/wonder3.jpg"
								}
							]
						},
						"url": {
							"raw": "{{url}}/api/users/add-photo",
							"host": [
								"{{url}}"
							],
							"path": [
								"api",
								"users",
								"add-photo"
							]
						}
					},
					"response": []
				},
				{
					"name": "Get User by username",
					"request": {
						"method": "GET",
						"header": [
							{
								"key": "Authorization",
								"value": "Bearer {{token}}"
							}
						],
						"url": {
							"raw": "{{url}}/api/users/lisa",
							"host": [
								"{{url}}"
							],
							"path": [
								"api",
								"users",
								"lisa"
							]
						}
					},
					"response": []
				},
				{
					"name": "Set Main Photo",
					"request": {
						"method": "PUT",
						"header": [
							{
								"key": "Authorization",
								"value": "Bearer {{token}}"
							}
						],
						"url": {
							"raw": "{{url}}/api/users/set-main-photo/11",
							"host": [
								"{{url}}"
							],
							"path": [
								"api",
								"users",
								"set-main-photo",
								"11"
							]
						}
					},
					"response": []
				},
				{
					"name": "Delete Photo",
					"request": {
						"method": "DELETE",
						"header": [
							{
								"key": "Authorization",
								"value": "Bearer {{token}}"
							}
						],
						"url": {
							"raw": "{{url}}/api/users/delete-photo/11",
							"host": [
								"{{url}}"
							],
							"path": [
								"api",
								"users",
								"delete-photo",
								"11"
							]
						}
					},
					"response": []
				}
			]
		},
		{
			"name": "Section 12",
			"item": [
				{
					"name": "Register User",
					"event": [
						{
							"listen": "test",
							"script": {
								"exec": [
									"const user = pm.response.json();",
									"",
									"pm.test(\"Has properties\", function () {",
									"    pm.expect(user).to.have.property('username');",
									"    pm.expect(user).to.have.property('token');",
									"});",
									"",
									"if (pm.test(\"Has properties\")) {",
									"    pm.globals.set('token', user.token);",
									"}"
								],
								"type": "text/javascript"
							}
						}
					],
					"request": {
						"method": "POST",
						"header": [],
						"body": {
							"mode": "raw",
							"raw": "{\n    \"gender\": \"male\",\n    \"username\": \"bob\",\n    \"knownAs\": \"Bob\",\n    \"dateOfBirth\": \"1985-01-23\",\n    \"city\": \"London\",\n    \"country\": \"UK\",\n    \"password\": \"Pa$$w0rd\"\n}",
							"options": {
								"raw": {
									"language": "json"
								}
							}
						},
						"url": {
							"raw": "{{url}}/api/account/register",
							"host": [
								"{{url}}"
							],
							"path": [
								"api",
								"account",
								"register"
							]
						}
					},
					"response": []
				},
				{
					"name": "Get User by username",
					"request": {
						"method": "GET",
						"header": [
							{
								"key": "Authorization",
								"value": "Bearer {{token}}"
							}
						],
						"url": {
							"raw": "{{url}}/api/users/lisa",
							"host": [
								"{{url}}"
							],
							"path": [
								"api",
								"users",
								"lisa"
							]
						}
					},
					"response": []
				}
			]
		},
		{
			"name": "Section 13",
			"item": [
				{
					"name": "Login as lisa and save token to env",
					"event": [
						{
							"listen": "test",
							"script": {
								"exec": [
									"const user = pm.response.json();",
									"",
									"pm.test(\"Has properties\", function () {",
									"    pm.expect(user).to.have.property('username');",
									"    pm.expect(user).to.have.property('token');",
									"});",
									"",
									"if (pm.test(\"Has properties\")) {",
									"    pm.globals.set('token', user.token);",
									"}"
								],
								"type": "text/javascript"
							}
						}
					],
					"request": {
						"method": "POST",
						"header": [],
						"body": {
							"mode": "raw",
							"raw": "{\n\t\"username\": \"lisa\",\n\t\"password\": \"Pa$$w0rd\"\n}",
							"options": {
								"raw": {
									"language": "json"
								}
							}
						},
						"url": {
							"raw": "{{url}}/api/account/login",
							"host": [
								"{{url}}"
							],
							"path": [
								"api",
								"account",
								"login"
							]
						}
					},
					"response": []
				},
				{
					"name": "Get Users No QS",
					"request": {
						"method": "GET",
						"header": [
							{
								"key": "Authorization",
								"value": "Bearer {{token}}"
							}
						],
						"url": {
							"raw": "{{url}}/api/users",
							"host": [
								"{{url}}"
							],
							"path": [
								"api",
								"users"
							]
						}
					},
					"response": []
				},
				{
					"name": "Get Users with pagination",
					"request": {
						"method": "GET",
						"header": [
							{
								"key": "Authorization",
								"value": "Bearer {{token}}"
							}
						],
						"url": {
							"raw": "{{url}}/api/users?pageNumber=1&pageSize=5",
							"host": [
								"{{url}}"
							],
							"path": [
								"api",
								"users"
							],
							"query": [
								{
									"key": "pageNumber",
									"value": "1"
								},
								{
									"key": "pageSize",
									"value": "5"
								}
							]
						}
					},
					"response": []
				},
				{
					"name": "Get Users with gender",
					"request": {
						"method": "GET",
						"header": [
							{
								"key": "Authorization",
								"value": "Bearer {{token}}"
							}
						],
						"url": {
							"raw": "{{url}}/api/users?gender=female",
							"host": [
								"{{url}}"
							],
							"path": [
								"api",
								"users"
							],
							"query": [
								{
									"key": "gender",
									"value": "female"
								}
							]
						}
					},
					"response": []
				},
				{
					"name": "Get Users with minAge 25",
					"request": {
						"method": "GET",
						"header": [
							{
								"key": "Authorization",
								"value": "Bearer {{token}}"
							}
						],
						"url": {
							"raw": "{{url}}/api/users?minAge=25",
							"host": [
								"{{url}}"
							],
							"path": [
								"api",
								"users"
							],
							"query": [
								{
									"key": "minAge",
									"value": "25"
								}
							]
						}
					},
					"response": []
				},
				{
					"name": "Get Users with maxAge 40",
					"request": {
						"method": "GET",
						"header": [
							{
								"key": "Authorization",
								"value": "Bearer {{token}}"
							}
						],
						"url": {
							"raw": "{{url}}/api/users?maxAge=40",
							"host": [
								"{{url}}"
							],
							"path": [
								"api",
								"users"
							],
							"query": [
								{
									"key": "maxAge",
									"value": "40"
								}
							]
						}
					},
					"response": []
				},
				{
					"name": "Get Users in 20s",
					"request": {
						"method": "GET",
						"header": [
							{
								"key": "Authorization",
								"value": "Bearer {{token}}"
							}
						],
						"url": {
							"raw": "{{url}}/api/users?minAge=20&maxAge=29",
							"host": [
								"{{url}}"
							],
							"path": [
								"api",
								"users"
							],
							"query": [
								{
									"key": "minAge",
									"value": "20"
								},
								{
									"key": "maxAge",
									"value": "29"
								}
							]
						}
					},
					"response": []
				},
				{
					"name": "Get Users orderedby Created",
					"request": {
						"method": "GET",
						"header": [
							{
								"key": "Authorization",
								"value": "Bearer {{token}}"
							}
						],
						"url": {
							"raw": "{{url}}/api/users?orderBy=created&gender=female",
							"host": [
								"{{url}}"
							],
							"path": [
								"api",
								"users"
							],
							"query": [
								{
									"key": "orderBy",
									"value": "created"
								},
								{
									"key": "gender",
									"value": "female"
								}
							]
						}
					},
					"response": []
				},
				{
					"name": "Get Users orderedby lastActive",
					"request": {
						"method": "GET",
						"header": [
							{
								"key": "Authorization",
								"value": "Bearer {{token}}"
							}
						],
						"url": {
							"raw": "{{url}}/api/users?orderBy=lastActive&gender=female",
							"host": [
								"{{url}}"
							],
							"path": [
								"api",
								"users"
							],
							"query": [
								{
									"key": "orderBy",
									"value": "lastActive"
								},
								{
									"key": "gender",
									"value": "female"
								}
							]
						}
					},
					"response": []
				}
			]
		},
		{
			"name": "Section 14",
			"item": [
				{
					"name": "Login as lisa and save token to env",
					"event": [
						{
							"listen": "test",
							"script": {
								"exec": [
									"const user = pm.response.json();",
									"",
									"pm.test(\"Has properties\", function () {",
									"    pm.expect(user).to.have.property('username');",
									"    pm.expect(user).to.have.property('token');",
									"});",
									"",
									"if (pm.test(\"Has properties\")) {",
									"    pm.globals.set('token', user.token);",
									"}"
								],
								"type": "text/javascript"
							}
						}
					],
					"request": {
						"method": "POST",
						"header": [],
						"body": {
							"mode": "raw",
							"raw": "{\n\t\"username\": \"lisa\",\n\t\"password\": \"Pa$$w0rd\"\n}",
							"options": {
								"raw": {
									"language": "json"
								}
							}
						},
						"url": {
							"raw": "{{url}}/api/account/login",
							"host": [
								"{{url}}"
							],
							"path": [
								"api",
								"account",
								"login"
							]
						}
					},
					"response": []
				},
				{
					"name": "Add like for todd from lola",
					"event": [
						{
							"listen": "test",
							"script": {
								"exec": [
									""
								],
								"type": "text/javascript",
								"packages": {}
							}
						}
					],
					"request": {
						"method": "POST",
						"header": [
							{
								"key": "Authorization",
								"value": "Bearer {{token}}"
							}
						],
						"body": {
							"mode": "raw",
							"raw": "{}",
							"options": {
								"raw": {
									"language": "json"
								}
							}
						},
						"url": {
							"raw": "{{url}}/api/likes/6",
							"host": [
								"{{url}}"
							],
							"path": [
								"api",
								"likes",
								"6"
							]
						}
					},
					"response": []
				},
				{
					"name": "Login as todd and save token to env",
					"event": [
						{
							"listen": "test",
							"script": {
								"exec": [
									"const user = pm.response.json();",
									"",
									"pm.test(\"Has properties\", function () {",
									"    pm.expect(user).to.have.property('username');",
									"    pm.expect(user).to.have.property('token');",
									"});",
									"",
									"if (pm.test(\"Has properties\")) {",
									"    pm.globals.set('todd_token', user.token);",
									"}"
								],
								"type": "text/javascript",
								"packages": {}
							}
						}
					],
					"request": {
						"method": "POST",
						"header": [],
						"body": {
							"mode": "raw",
							"raw": "{\n\t\"username\": \"todd\",\n\t\"password\": \"Pa$$w0rd\"\n}",
							"options": {
								"raw": {
									"language": "json"
								}
							}
						},
						"url": {
							"raw": "{{url}}/api/account/login",
							"host": [
								"{{url}}"
							],
							"path": [
								"api",
								"account",
								"login"
							]
						}
					},
					"response": []
				},
				{
					"name": "Add like for lisa from todd",
					"event": [
						{
							"listen": "test",
							"script": {
								"exec": [
									""
								],
								"type": "text/javascript",
								"packages": {}
							}
						}
					],
					"request": {
						"method": "POST",
						"header": [
							{
								"key": "Authorization",
								"value": "Bearer {{todd_token}}"
							}
						],
						"body": {
							"mode": "raw",
							"raw": "{}",
							"options": {
								"raw": {
									"language": "json"
								}
							}
						},
						"url": {
							"raw": "{{url}}/api/likes/1",
							"host": [
								"{{url}}"
							],
							"path": [
								"api",
								"likes",
								"1"
							]
						}
					},
					"response": []
				},
				{
					"name": "Get Liked Users",
					"request": {
						"method": "GET",
						"header": [
							{
								"key": "Authorization",
								"value": "Bearer {{token}}"
							}
						],
						"url": {
							"raw": "{{url}}/api/likes?predicate=liked",
							"host": [
								"{{url}}"
							],
							"path": [
								"api",
								"likes"
							],
							"query": [
								{
									"key": "predicate",
									"value": "liked"
								}
							]
						}
					},
					"response": []
				},
				{
					"name": "Get Liked Users Liked by",
					"request": {
						"method": "GET",
						"header": [
							{
								"key": "Authorization",
								"value": "Bearer {{token}}"
							}
						],
						"url": {
							"raw": "{{url}}/api/likes?predicate=likedBy",
							"host": [
								"{{url}}"
							],
							"path": [
								"api",
								"likes"
							],
							"query": [
								{
									"key": "predicate",
									"value": "likedBy"
								}
							]
						}
					},
					"response": []
				},
				{
					"name": "Get Liked Users Mutual",
					"request": {
						"method": "GET",
						"header": [
							{
								"key": "Authorization",
								"value": "Bearer {{token}}"
							}
						],
						"url": {
							"raw": "{{url}}/api/likes?predicate=mutual",
							"host": [
								"{{url}}"
							],
							"path": [
								"api",
								"likes"
							],
							"query": [
								{
									"key": "predicate",
									"value": "mutual"
								}
							]
						}
					},
					"response": []
				}
			]
		},
		{
			"name": "Section 15",
			"item": [
				{
					"name": "Login as lisa and save token to env",
					"event": [
						{
							"listen": "test",
							"script": {
								"exec": [
									"const user = pm.response.json();",
									"",
									"pm.test(\"Has properties\", function () {",
									"    pm.expect(user).to.have.property('username');",
									"    pm.expect(user).to.have.property('token');",
									"});",
									"",
									"if (pm.test(\"Has properties\")) {",
									"    pm.globals.set('token', user.token);",
									"}"
								],
								"type": "text/javascript"
							}
						}
					],
					"request": {
						"method": "POST",
						"header": [],
						"body": {
							"mode": "raw",
							"raw": "{\n\t\"username\": \"lisa\",\n\t\"password\": \"Pa$$w0rd\"\n}",
							"options": {
								"raw": {
									"language": "json"
								}
							}
						},
						"url": {
							"raw": "{{url}}/api/account/login",
							"host": [
								"{{url}}"
							],
							"path": [
								"api",
								"account",
								"login"
							]
						}
					},
					"response": []
				},
				{
					"name": "Create Message From Lisa to Todd",
					"request": {
						"method": "POST",
						"header": [
							{
								"key": "Authorization",
								"value": "Bearer {{token}}"
							}
						],
						"body": {
							"mode": "raw",
							"raw": "{\n    \"recipientUsername\": \"todd\",\n    \"content\": \"Test message 1 from Lisa to Todd\"\n}",
							"options": {
								"raw": {
									"language": "json"
								}
							}
						},
						"url": {
							"raw": "{{url}}/api/messages",
							"host": [
								"{{url}}"
							],
							"path": [
								"api",
								"messages"
							]
						}
					},
					"response": []
				},
				{
					"name": "Login as Todd and save token to env",
					"event": [
						{
							"listen": "test",
							"script": {
								"exec": [
									"const user = pm.response.json();",
									"",
									"pm.test(\"Has properties\", function () {",
									"    pm.expect(user).to.have.property('username');",
									"    pm.expect(user).to.have.property('todd_token');",
									"});",
									"",
									"if (pm.test(\"Has properties\")) {",
									"    pm.globals.set('todd_token', user.token);",
									"}"
								],
								"type": "text/javascript"
							}
						}
					],
					"request": {
						"method": "POST",
						"header": [],
						"body": {
							"mode": "raw",
							"raw": "{\n\t\"username\": \"todd\",\n\t\"password\": \"Pa$$w0rd\"\n}",
							"options": {
								"raw": {
									"language": "json"
								}
							}
						},
						"url": {
							"raw": "{{url}}/api/account/login",
							"host": [
								"{{url}}"
							],
							"path": [
								"api",
								"account",
								"login"
							]
						}
					},
					"response": []
				},
				{
					"name": "Create Message From Todd to Lisa",
					"request": {
						"method": "POST",
						"header": [
							{
								"key": "Authorization",
								"value": "Bearer {{todd_token}}"
							}
						],
						"body": {
							"mode": "raw",
							"raw": "{\n    \"recipientUsername\": \"lisa\",\n    \"content\": \"Test message from Todd to Lisa\"\n}",
							"options": {
								"raw": {
									"language": "json"
								}
							}
						},
						"url": {
							"raw": "{{url}}/api/messages",
							"host": [
								"{{url}}"
							],
							"path": [
								"api",
								"messages"
							]
						}
					},
					"response": []
				},
				{
					"name": "Get Default Messages for Lisa",
					"request": {
						"method": "GET",
						"header": [
							{
								"key": "Authorization",
								"value": "Bearer {{token}}"
							}
						],
						"url": {
							"raw": "{{url}}/api/messages",
							"host": [
								"{{url}}"
							],
							"path": [
								"api",
								"messages"
							]
						}
					},
					"response": []
				},
				{
					"name": "Get Default Messages for Todd",
					"request": {
						"method": "GET",
						"header": [
							{
								"key": "Authorization",
								"value": "Bearer {{todd_token}}"
							}
						],
						"url": {
							"raw": "{{url}}/api/messages",
							"host": [
								"{{url}}"
							],
							"path": [
								"api",
								"messages"
							]
						}
					},
					"response": []
				},
				{
					"name": "Get Outbox Messages for Lisa",
					"request": {
						"method": "GET",
						"header": [
							{
								"key": "Authorization",
								"value": "Bearer {{token}}"
							}
						],
						"url": {
							"raw": "{{url}}/api/messages?container=Outbox",
							"host": [
								"{{url}}"
							],
							"path": [
								"api",
								"messages"
							],
							"query": [
								{
									"key": "container",
									"value": "Outbox"
								}
							]
						}
					},
					"response": []
				},
				{
					"name": "Get Outbox Messages for Todd",
					"request": {
						"method": "GET",
						"header": [
							{
								"key": "Authorization",
								"value": "Bearer {{todd_token}}"
							}
						],
						"url": {
							"raw": "{{url}}/api/messages?container=Outbox",
							"host": [
								"{{url}}"
							],
							"path": [
								"api",
								"messages"
							],
							"query": [
								{
									"key": "container",
									"value": "Outbox"
								}
							]
						}
					},
					"response": []
				},
				{
					"name": "Get Message thread Lisa and Todd",
					"request": {
						"method": "GET",
						"header": [
							{
								"key": "Authorization",
								"value": "Bearer {{token}}"
							}
						],
						"url": {
							"raw": "{{url}}/api/messages/thread/todd",
							"host": [
								"{{url}}"
							],
							"path": [
								"api",
								"messages",
								"thread",
								"todd"
							]
						}
					},
					"response": []
				}
			]
		},
		{
			"name": "Section 16",
			"item": [
				{
					"name": "Login as lisa and save token to env",
					"event": [
						{
							"listen": "test",
							"script": {
								"exec": [
									"const user = pm.response.json();",
									"",
									"pm.test(\"Has properties\", function () {",
									"    pm.expect(user).to.have.property('username');",
									"    pm.expect(user).to.have.property('token');",
									"});",
									"",
									"if (pm.test(\"Has properties\")) {",
									"    pm.globals.set('token', user.token);",
									"}"
								],
								"type": "text/javascript"
							}
						}
					],
					"request": {
						"method": "POST",
						"header": [],
						"body": {
							"mode": "raw",
							"raw": "{\n\t\"username\": \"lisa\",\n\t\"password\": \"Pa$$w0rd\"\n}",
							"options": {
								"raw": {
									"language": "json"
								}
							}
						},
						"url": {
							"raw": "{{url}}/api/account/login",
							"host": [
								"{{url}}"
							],
							"path": [
								"api",
								"account",
								"login"
							]
						}
					},
					"response": []
				},
				{
					"name": "Register User Bob and save token to env",
					"event": [
						{
							"listen": "test",
							"script": {
								"exec": [
									"const user = pm.response.json();",
									"",
									"pm.test(\"Has properties\", function () {",
									"    pm.expect(user).to.have.property('username');",
									"    pm.expect(user).to.have.property('token');",
									"});",
									"",
									"if (pm.test(\"Has properties\")) {",
									"    pm.globals.set('bob_token', user.token);",
									"}"
								],
								"type": "text/javascript"
							}
						}
					],
					"request": {
						"method": "POST",
						"header": [],
						"body": {
							"mode": "raw",
							"raw": "{\n    \"gender\": \"male\",\n    \"username\": \"bob\",\n    \"knownAs\": \"Bob\",\n    \"dateOfBirth\": \"1985-01-23\",\n    \"city\": \"London\",\n    \"country\": \"UK\",\n    \"password\": \"Pa$$w0rd\"\n}",
							"options": {
								"raw": {
									"language": "json"
								}
							}
						},
						"url": {
							"raw": "https://localhost:5001/api/account/register",
							"protocol": "https",
							"host": [
								"localhost"
							],
							"port": "5001",
							"path": [
								"api",
								"account",
								"register"
							]
						}
					},
					"response": []
				},
				{
					"name": "Login as admin and save token to env",
					"event": [
						{
							"listen": "test",
							"script": {
								"exec": [
									"const user = pm.response.json();",
									"",
									"pm.test(\"Has properties\", function () {",
									"    pm.expect(user).to.have.property('username');",
									"    pm.expect(user).to.have.property('token');",
									"});",
									"",
									"if (pm.test(\"Has properties\")) {",
									"    pm.globals.set('admin_token', user.token);",
									"}"
								],
								"type": "text/javascript"
							}
						}
					],
					"request": {
						"method": "POST",
						"header": [],
						"body": {
							"mode": "raw",
							"raw": "{\n\t\"username\": \"admin\",\n\t\"password\": \"Pa$$w0rd\"\n}",
							"options": {
								"raw": {
									"language": "json"
								}
							}
						},
						"url": {
							"raw": "{{url}}/api/account/login",
							"host": [
								"{{url}}"
							],
							"path": [
								"api",
								"account",
								"login"
							]
						}
					},
					"response": []
				},
				{
					"name": "Get Users as Lisa",
					"request": {
						"method": "GET",
						"header": [
							{
								"key": "Authorization",
								"value": "Bearer {{token}}"
							}
						],
						"url": {
							"raw": "{{url}}/api/users",
							"host": [
								"{{url}}"
							],
							"path": [
								"api",
								"users"
							]
						}
					},
					"response": []
				},
				{
					"name": "Get Users as Admin",
					"request": {
						"method": "GET",
						"header": [
							{
								"key": "Authorization",
								"value": "Bearer {{admin_token}}"
							}
						],
						"url": {
							"raw": "{{url}}/api/users",
							"host": [
								"{{url}}"
							],
							"path": [
								"api",
								"users"
							]
						}
					},
					"response": []
				},
				{
					"name": "Get User by username as Lisa",
					"request": {
						"method": "GET",
						"header": [
							{
								"key": "Authorization",
								"value": "Bearer {{token}}"
							}
						],
						"url": {
							"raw": "{{url}}/api/users/lisa",
							"host": [
								"{{url}}"
							],
							"path": [
								"api",
								"users",
								"lisa"
							]
						}
					},
					"response": []
				},
				{
					"name": "Get User by username as Admin",
					"request": {
						"method": "GET",
						"header": [
							{
								"key": "Authorization",
								"value": "Bearer {{admin_token}}"
							}
						],
						"url": {
							"raw": "{{url}}/api/users/lisa",
							"host": [
								"{{url}}"
							],
							"path": [
								"api",
								"users",
								"lisa"
							]
						}
					},
					"response": []
				},
				{
					"name": "Get Roles as admin",
					"request": {
						"method": "GET",
						"header": [
							{
								"key": "Authorization",
								"value": "Bearer {{admin_token}}"
							}
						],
						"url": {
							"raw": "{{url}}/api/admin/users-with-roles",
							"host": [
								"{{url}}"
							],
							"path": [
								"api",
								"admin",
								"users-with-roles"
							]
						}
					},
					"response": []
				},
				{
					"name": "Get Roles as lisa",
					"request": {
						"method": "GET",
						"header": [
							{
								"key": "Authorization",
								"value": "Bearer {{token}}"
							}
						],
						"url": {
							"raw": "{{url}}/api/admin/users-with-roles",
							"host": [
								"{{url}}"
							],
							"path": [
								"api",
								"admin",
								"users-with-roles"
							]
						}
					},
					"response": []
				},
				{
					"name": "Get Photos to moderate as admin",
					"request": {
						"method": "GET",
						"header": [
							{
								"key": "Authorization",
								"value": "Bearer {{admin_token}}"
							}
						],
						"url": {
							"raw": "{{url}}/api/admin/photos-to-moderate",
							"host": [
								"{{url}}"
							],
							"path": [
								"api",
								"admin",
								"photos-to-moderate"
							]
						}
					},
					"response": []
				},
				{
					"name": "Get Photos to moderate as lisa",
					"request": {
						"method": "GET",
						"header": [
							{
								"key": "Authorization",
								"value": "Bearer {{token}}"
							}
						],
						"url": {
							"raw": "{{url}}/api/admin/photos-to-moderate",
							"host": [
								"{{url}}"
							],
							"path": [
								"api",
								"admin",
								"photos-to-moderate"
							]
						}
					},
					"response": []
				},
				{
					"name": "Edit Roles for Lisa",
					"request": {
						"method": "POST",
						"header": [
							{
								"key": "Authorization",
								"value": "Bearer {{admin_token}}"
							}
						],
						"url": {
							"raw": "{{url}}/api/admin/edit-roles/lisa?roles=Moderator,Member",
							"host": [
								"{{url}}"
							],
							"path": [
								"api",
								"admin",
								"edit-roles",
								"lisa"
							],
							"query": [
								{
									"key": "roles",
									"value": "Moderator,Member"
								}
							]
						}
					},
					"response": []
				}
			]
		},
		{
			"name": "Section 18",
			"item": [
				{
					"name": "Login as lisa and save token to env",
					"event": [
						{
							"listen": "test",
							"script": {
								"exec": [
									"const user = pm.response.json();",
									"",
									"pm.test(\"Has properties\", function () {",
									"    pm.expect(user).to.have.property('username');",
									"    pm.expect(user).to.have.property('token');",
									"});",
									"",
									"if (pm.test(\"Has properties\")) {",
									"    pm.globals.set('token', user.token);",
									"}"
								],
								"type": "text/javascript"
							}
						}
					],
					"request": {
						"method": "POST",
						"header": [],
						"body": {
							"mode": "raw",
							"raw": "{\n\t\"username\": \"lisa\",\n\t\"password\": \"Pa$$w0rd\"\n}",
							"options": {
								"raw": {
									"language": "json"
								}
							}
						},
						"url": {
							"raw": "{{url}}/api/account/login",
							"host": [
								"{{url}}"
							],
							"path": [
								"api",
								"account",
								"login"
							]
						}
					},
					"response": []
				},
				{
					"name": "Login as todd and save token to env",
					"event": [
						{
							"listen": "test",
							"script": {
								"exec": [
									"const user = pm.response.json();",
									"",
									"pm.test(\"Has properties\", function () {",
									"    pm.expect(user).to.have.property('username');",
									"    pm.expect(user).to.have.property('token');",
									"});",
									"",
									"if (pm.test(\"Has properties\")) {",
									"    pm.globals.set('todd_token', user.token);",
									"}"
								],
								"type": "text/javascript"
							}
						}
					],
					"request": {
						"method": "POST",
						"header": [],
						"body": {
							"mode": "raw",
							"raw": "{\n\t\"username\": \"todd\",\n\t\"password\": \"Pa$$w0rd\"\n}",
							"options": {
								"raw": {
									"language": "json"
								}
							}
						},
						"url": {
							"raw": "{{url}}/api/account/login",
							"host": [
								"{{url}}"
							],
							"path": [
								"api",
								"account",
								"login"
							]
						}
					},
					"response": []
				},
				{
					"name": "Login as admin and save token to env Copy",
					"event": [
						{
							"listen": "test",
							"script": {
								"exec": [
									"const user = pm.response.json();",
									"",
									"pm.test(\"Has properties\", function () {",
									"    pm.expect(user).to.have.property('username');",
									"    pm.expect(user).to.have.property('token');",
									"});",
									"",
									"if (pm.test(\"Has properties\")) {",
									"    pm.globals.set('admin_token', user.token);",
									"}"
								],
								"type": "text/javascript"
							}
						}
					],
					"request": {
						"method": "POST",
						"header": [],
						"body": {
							"mode": "raw",
							"raw": "{\n\t\"username\": \"admin\",\n\t\"password\": \"Pa$$w0rd\"\n}",
							"options": {
								"raw": {
									"language": "json"
								}
							}
						},
						"url": {
							"raw": "{{url}}/api/account/login",
							"host": [
								"{{url}}"
							],
							"path": [
								"api",
								"account",
								"login"
							]
						}
					},
					"response": []
				},
				{
					"name": "Add photo for user (add 2 photos here)",
					"request": {
						"method": "POST",
						"header": [
							{
								"key": "Authorization",
								"value": "Bearer {{token}}"
							}
						],
						"body": {
							"mode": "formdata",
							"formdata": [
								{
									"key": "File",
									"type": "file",
									"src": "/Users/neil/Desktop/APIPhotos/wonder2.jpg"
								}
							]
						},
						"url": {
							"raw": "{{url}}/api/users/add-photo",
							"host": [
								"{{url}}"
							],
							"path": [
								"api",
								"users",
								"add-photo"
							]
						}
					},
					"response": []
				},
				{
					"name": "Get Photos to moderate as admin",
					"request": {
						"method": "GET",
						"header": [
							{
								"key": "Authorization",
								"value": "Bearer {{admin_token}}"
							}
						],
						"url": {
							"raw": "{{url}}/api/admin/photos-to-moderate",
							"host": [
								"{{url}}"
							],
							"path": [
								"api",
								"admin",
								"photos-to-moderate"
							]
						}
					},
					"response": []
				},
				{
					"name": "Get User by username as lisa (get own profile - should see unapproved photo)",
					"request": {
						"method": "GET",
						"header": [
							{
								"key": "Authorization",
								"value": "Bearer {{token}}"
							}
						],
						"url": {
							"raw": "{{url}}/api/users/lisa",
							"host": [
								"{{url}}"
							],
							"path": [
								"api",
								"users",
								"lisa"
							]
						}
					},
					"response": []
				},
				{
					"name": "Get User by username as todd (get lisas profile - should not see unapproved photo)",
					"request": {
						"method": "GET",
						"header": [
							{
								"key": "Authorization",
								"value": "Bearer {{todd_token}}"
							}
						],
						"url": {
							"raw": "{{url}}/api/users/lisa",
							"host": [
								"{{url}}"
							],
							"path": [
								"api",
								"users",
								"lisa"
							]
						}
					},
					"response": []
				},
				{
					"name": "Approve photo (need to add the id of added photo)",
					"request": {
						"method": "POST",
						"header": [
							{
								"key": "Authorization",
								"value": "Bearer {{admin_token}}"
							}
						],
						"url": {
							"raw": "{{url}}/api/admin/approve-photo/11",
							"host": [
								"{{url}}"
							],
							"path": [
								"api",
								"admin",
								"approve-photo",
								"11"
							]
						}
					},
					"response": []
				},
				{
					"name": "Reject photo (need to add the id of added photo)",
					"request": {
						"method": "POST",
						"header": [
							{
								"key": "Authorization",
								"value": "Bearer {{admin_token}}"
							}
						],
						"url": {
							"raw": "{{url}}/api/admin/reject-photo/12",
							"host": [
								"{{url}}"
							],
							"path": [
								"api",
								"admin",
								"reject-photo",
								"12"
							]
						}
					},
					"response": []
				},
				{
					"name": "Register User Bob and save token as bob_token",
					"event": [
						{
							"listen": "test",
							"script": {
								"exec": [
									"const user = pm.response.json();",
									"",
									"pm.test(\"Has properties\", function () {",
									"    pm.expect(user).to.have.property('username');",
									"    pm.expect(user).to.have.property('token');",
									"});",
									"",
									"if (pm.test(\"Has properties\")) {",
									"    pm.globals.set('bob_token', user.token);",
									"}"
								],
								"type": "text/javascript"
							}
						}
					],
					"request": {
						"method": "POST",
						"header": [],
						"body": {
							"mode": "raw",
							"raw": "{\n    \"gender\": \"male\",\n    \"username\": \"bob\",\n    \"knownAs\": \"Bob\",\n    \"dateOfBirth\": \"1985-01-23\",\n    \"city\": \"London\",\n    \"country\": \"UK\",\n    \"password\": \"Pa$$w0rd\"\n}",
							"options": {
								"raw": {
									"language": "json"
								}
							}
						},
						"url": {
							"raw": "{{url}}/api/account/register",
							"host": [
								"{{url}}"
							],
							"path": [
								"api",
								"account",
								"register"
							]
						}
					},
					"response": []
				},
				{
					"name": "Add photo for bob (add 2 photos) - should both be in unapproved state",
					"request": {
						"method": "POST",
						"header": [
							{
								"key": "Authorization",
								"value": "Bearer {{bob_token}}"
							}
						],
						"body": {
							"mode": "formdata",
							"formdata": [
								{
									"key": "File",
									"type": "file",
									"src": "/Users/neil/Desktop/APIPhotos/bat2.jpg"
								}
							]
						},
						"url": {
							"raw": "{{url}}/api/users/add-photo",
							"host": [
								"{{url}}"
							],
							"path": [
								"api",
								"users",
								"add-photo"
							]
						}
					},
					"response": []
				},
				{
					"name": "Approve photo for bob  (need to add the id of unapproved photo) - ensure it gets set as the main photo",
					"request": {
						"method": "POST",
						"header": [
							{
								"key": "Authorization",
								"value": "Bearer {{admin_token}}"
							}
						],
						"url": {
							"raw": "{{url}}/api/admin/approve-photo/13",
							"host": [
								"{{url}}"
							],
							"path": [
								"api",
								"admin",
								"approve-photo",
								"13"
							]
						}
					},
					"response": []
				},
				{
					"name": "Get User by username as bob - should see approved photo set to main",
					"request": {
						"method": "GET",
						"header": [
							{
								"key": "Authorization",
								"value": "Bearer {{bob_token}}"
							}
						],
						"url": {
							"raw": "{{url}}/api/users/bob",
							"host": [
								"{{url}}"
							],
							"path": [
								"api",
								"users",
								"bob"
							]
						}
					},
					"response": []
				}
			]
		}
	],
	"event": [
		{
			"listen": "prerequest",
			"script": {
				"type": "text/javascript",
				"exec": [
					""
				]
			}
		},
		{
			"listen": "test",
			"script": {
				"type": "text/javascript",
				"exec": [
					""
				]
			}
		}
	],
	"variable": [
		{
			"key": "url",
			"value": "https://localhost:5001"
		}
	]
}